,games_played,player_id,season,min,fgm,fga,fg3m,fg3a,ftm,fta,oreb,dreb,reb,ast,stl,blk,turnover,pf,pts,fg_pct,fg3_pct,ft_pct,first_name,last_name,position,height_feet,height_inches,weight_pounds,team_id,team_abbreviation,team_city,team_conference,team_division,team_full_name,team_name
0,44,2290,1982,27:24,7.227,15.25,0.0,0.114,6.727,8.909,1.341,1.932,5.341,2.205,0.568,0.159,2.409,3.455,21.182,0.474,0.0,0.755,John,Drew,,,,,1,ATL,Atlanta,East,Southeast,Atlanta Hawks,Hawks
1,75,2631,1982,18:48,2.267,4.253,0.0,0.04,1.72,2.32,1.2,1.92,5.413,1.373,0.573,0.853,1.08,3.253,6.253,0.533,0.0,0.741,Bill,Garnett,,,,,7,DAL,Dallas,West,Southwest,Dallas Mavericks,Mavericks
2,58,2601,1982,8:02,1.569,3.672,0.052,0.172,0.586,0.741,0.241,0.276,1.069,1.138,0.345,0.103,0.534,1.362,3.776,0.427,0.3,0.791,Jim,Brogan,,,,,13,LAC,LA,West,Pacific,LA Clippers,Clippers
3,73,3064,1982,13:31,1.479,3.534,0.0,0.0,0.452,0.918,0.712,1.671,3.685,0.589,0.425,0.329,0.63,1.973,3.411,0.419,0.0,0.493,Earl,Cureton,,,,,9,DET,Detroit,East,Central,Detroit Pistons,Pistons
4,77,2382,1982,20:54,2.766,5.792,0.013,0.117,1.26,1.597,0.182,0.675,1.338,3.766,0.649,0.039,1.649,2.468,6.805,0.478,0.111,0.789,Phil,Ford,,,,,26,SAC,Sacramento,West,Pacific,Sacramento Kings,Kings
5,62,2611,1982,10:58,2.113,4.968,0.0,0.016,1.226,1.742,0.661,0.984,2.79,0.742,0.387,0.371,0.484,1.306,5.452,0.425,0.0,0.704,Brad,Branson,,,,,12,IND,Indiana,East,Central,Indiana Pacers,Pacers
6,80,2459,1982,17:57,1.963,4.675,0.075,0.3,0.888,1.188,0.55,0.7,2.388,2.238,0.35,0.063,0.638,1.863,4.888,0.42,0.25,0.747,Marty,Byrnes,,,,,12,IND,Indiana,East,Central,Indiana Pacers,Pacers
7,75,2993,1982,35:52,7.987,16.24,0.027,0.187,4.133,5.04,0.347,1.547,2.8,8.107,1.693,0.133,2.813,2.76,20.133,0.492,0.143,0.82,Larry,Drew,,,,,26,SAC,Sacramento,West,Pacific,Sacramento Kings,Kings
8,82,2925,1982,30:05,5.549,9.805,0.0,0.0,4.634,6.232,1.268,3.085,7.195,1.659,0.427,1.232,1.817,3.793,15.732,0.566,0.0,0.744,Bill,Cartwright,,,,,20,NYK,New York,East,Atlantic,New York Knicks,Knicks
9,53,2623,1982,13:11,2.075,3.887,0.0,0.019,0.774,1.0,0.962,1.264,3.415,0.887,0.245,0.226,0.698,1.868,4.925,0.534,0.0,0.774,Bruce,Flowers,,,,,6,CLE,Cleveland,East,Central,Cleveland Cavaliers,Cavaliers
10,79,3077,1982,37:49,9.937,19.354,0.0,0.038,4.266,5.937,2.785,5.924,8.709,2.139,1.367,1.962,3.608,3.291,24.139,0.513,0.0,0.719,Joe,"Barry,Carroll",,,,,10,GSW,Golden State,West,Pacific,Golden State Warriors,Warriors
11,82,542,1982,21:49,3.524,6.049,0.0,0.0,1.829,2.659,1.585,4.512,6.098,1.171,0.183,1.098,1.61,2.085,8.878,0.583,0.0,0.688,James,Donaldson,,,,,7,DAL,Dallas,West,Southwest,Dallas Mavericks,Mavericks
12,66,2286,1982,13:58,2.561,5.682,0.091,0.47,1.03,1.152,0.136,0.591,1.197,1.924,0.424,0.0,0.667,0.667,6.242,0.451,0.194,0.895,Charlie,Criss,,,,,1,ATL,Atlanta,East,Southeast,Atlanta Hawks,Hawks
13,4,2513,1982,8:30,1.0,2.75,0.0,0.25,0.5,0.5,0.75,1.0,1.75,0.75,0.0,0.0,0.75,1.0,2.5,0.364,0.0,1.0,Calvin,Garrett,,,,,11,HOU,Houston,West,Southwest,Houston Rockets,Rockets
14,15,2364,1982,9:20,0.933,2.8,0.067,0.467,0.667,0.867,0.2,0.733,1.267,1.533,0.4,0.0,0.733,1.333,2.6,0.333,0.143,0.769,Mike,Bratz,,,,,24,PHX,Phoenix,West,Pacific,Phoenix Suns,Suns
15,5,2331,1982,9:48,1.8,3.8,0.0,0.0,0.0,0.0,0.0,0.6,0.6,1.0,0.4,0.2,1.8,1.0,3.6,0.474,0.0,0.0,Terry,Duerod,,,,,9,DET,Detroit,East,Central,Detroit Pistons,Pistons
16,74,2312,1982,26:32,4.649,10.905,0.095,0.23,1.919,2.297,0.743,1.068,1.946,1.297,1.176,0.338,1.243,1.662,11.311,0.426,0.412,0.835,Ron,Brewer,,,,,25,POR,Portland,West,Northwest,Portland Trail Blazers,Trail Blazers
17,41,2359,1982,15:40,1.756,4.439,0.22,0.854,1.0,1.122,0.463,0.854,1.317,2.805,1.073,0.049,0.61,1.463,4.732,0.396,0.257,0.891,Don,Buse,,,,,24,PHX,Phoenix,West,Pacific,Phoenix Suns,Suns
18,81,2569,1982,15:38,2.815,5.963,0.0,0.099,1.062,1.395,0.173,0.568,1.049,2.728,0.519,0.074,0.914,1.469,6.691,0.472,0.0,0.761,Franklin,Edwards,,,,,23,PHI,Philadelphia,East,Atlantic,Philadelphia 76ers,76ers
19,14,2565,1982,10:34,1.0,2.429,0.0,0.0,0.214,0.357,0.643,1.357,3.429,0.5,0.214,0.357,0.214,1.786,2.214,0.412,0.0,0.6,Jeffrey,Crompton,,,,,17,MIL,Milwaukee,East,Central,Milwaukee Bucks,Bucks
20,31,581,1982,21:30,4.129,8.484,0.0,0.0,2.226,3.484,1.161,2.258,5.0,1.29,0.323,0.581,1.323,3.548,10.484,0.487,0.0,0.639,James,Edwards,,,,,12,IND,Indiana,East,Central,Indiana Pacers,Pacers
21,79,2247,1982,32:20,9.139,15.544,0.0,0.025,3.519,4.696,1.608,3.911,7.494,2.532,0.658,1.937,1.899,2.785,21.797,0.588,0.0,0.749,Kareem,Abdul-Jabbar,,,,,14,LAL,Los Angeles,West,Pacific,Los Angeles Lakers,Lakers
22,82,2512,1982,29:57,4.902,10.122,0.061,0.122,2.354,3.378,1.89,2.171,6.354,3.195,1.11,0.463,1.829,3.622,12.22,0.484,0.5,0.697,Michael,Brooks,,,,,13,LAC,LA,West,Pacific,LA Clippers,Clippers
23,78,2980,1982,29:54,3.974,8.692,0.0,0.038,2.115,2.987,1.449,4.103,9.731,1.923,0.372,1.077,1.282,3.282,10.064,0.457,0.0,0.708,David,Greenwood,,,,,5,CHI,Chicago,East,Central,Chicago Bulls,Bulls
24,81,2531,1982,21:11,4.37,8.716,0.21,0.605,1.531,1.901,0.481,0.778,1.852,2.395,0.827,0.148,0.988,2.556,10.481,0.501,0.347,0.805,Butch,Carter,,,,,12,IND,Indiana,East,Central,Indiana Pacers,Pacers
25,20,2572,1982,16:39,1.85,3.6,0.0,0.0,0.8,1.45,1.65,1.4,4.3,0.85,0.45,0.95,1.45,2.45,4.5,0.514,0.0,0.552,Joe,Cooper,,,,,13,LAC,LA,West,Pacific,LA Clippers,Clippers
26,79,2876,1982,29:24,4.544,7.949,0.139,0.519,2.354,2.785,0.228,1.266,2.506,7.152,0.937,0.139,1.81,2.228,11.582,0.572,0.268,0.845,Brad,Davis,,,,,7,DAL,Dallas,West,Southwest,Dallas Mavericks,Mavericks
27,82,2248,1982,26:08,3.244,6.061,0.061,0.256,1.244,1.585,0.72,1.598,3.341,3.841,1.11,0.451,1.183,2.537,7.793,0.535,0.238,0.785,Michael,Cooper,,,,,14,LAL,Los Angeles,West,Pacific,Los Angeles Lakers,Lakers
28,81,3054,1982,28:36,5.346,10.84,0.0,0.012,1.827,2.42,1.63,3.395,8.247,1.79,0.642,0.407,2.0,3.654,12.519,0.493,0.0,0.755,Pat,Cummings,,,,,17,MIL,Milwaukee,East,Central,Milwaukee Bucks,Bucks
29,74,2576,1982,15:41,3.392,7.216,0.027,0.081,0.757,1.203,0.649,1.176,2.878,0.986,0.351,0.189,0.811,1.649,7.568,0.47,0.333,0.629,Charlie,Davis,,,,,30,WAS,Washington,East,Southeast,Washington Wizards,Wizards
30,73,2301,1982,15:23,3.151,6.082,0.0,0.014,1.014,1.219,0.096,0.575,1.233,1.712,0.301,0.11,0.466,1.808,7.315,0.518,0.0,0.831,Mike,Glenn,,,,,1,ATL,Atlanta,East,Southeast,Atlanta Hawks,Hawks
31,40,2254,1982,25:21,3.4,7.65,0.0,0.05,1.3,1.575,1.35,3.675,6.85,1.975,0.75,0.375,1.1,3.425,8.1,0.444,0.0,0.825,Dave,Cowens,,,,,2,BOS,Boston,East,Atlantic,Boston Celtics,Celtics
32,80,2357,1982,30:35,5.963,12.263,0.013,0.038,2.25,2.713,1.363,2.938,6.85,4.7,1.425,0.913,3.025,3.588,14.188,0.486,0.333,0.829,Alvan,Adams,,,,,24,PHX,Phoenix,West,Pacific,Phoenix Suns,Suns
33,80,2430,1982,17:54,4.638,8.925,0.175,0.4,0.725,0.9,0.4,0.813,1.213,3.013,0.725,0.188,1.375,1.225,10.175,0.52,0.438,0.806,Fred,Brown,,,,,21,OKC,Oklahoma City,West,Northwest,Oklahoma City Thunder,Thunder
34,81,2869,1982,34:22,9.469,19.617,0.198,0.914,5.296,7.272,1.21,2.309,6.272,4.099,0.938,0.296,3.222,3.037,24.432,0.483,0.216,0.728,Mark,Aguirre,,,,,7,DAL,Dallas,West,Southwest,Dallas Mavericks,Mavericks
35,80,502,1982,25:36,4.463,8.975,0.063,0.35,0.9,1.213,0.788,1.125,2.675,3.138,1.1,0.063,0.9,3.238,9.888,0.497,0.179,0.742,Danny,Ainge,,,,,2,BOS,Boston,East,Atlantic,Boston Celtics,Celtics
36,82,2420,1982,34:06,6.78,10.829,0.0,0.073,4.476,6.049,2.488,5.61,12.0,1.537,0.488,2.341,2.22,3.317,18.037,0.626,0.0,0.74,Artis,Gilmore,,,,,5,CHI,Chicago,East,Central,Chicago Bulls,Bulls
37,76,2505,1982,13:47,2.197,4.592,0.0,0.039,0.855,1.382,0.882,1.895,3.5,0.342,0.158,0.342,0.987,2.263,5.25,0.479,0.0,0.619,Rickey,Brown,,,,,10,GSW,Golden State,West,Pacific,Golden State Warriors,Warriors
38,3,2591,1982,4:00,0.333,2.0,0.333,0.667,0.667,0.667,0.0,0.333,0.333,0.333,0.0,0.0,0.0,0.0,1.667,0.167,0.5,1.0,John,Douglas,,,,,13,LAC,LA,West,Pacific,LA Clippers,Clippers
39,5,2649,1982,6:36,1.4,2.8,0.0,0.0,1.4,2.0,0.0,0.4,0.4,0.6,0.2,0.0,1.0,1.4,4.2,0.5,0.0,0.7,Dwight,Anderson,,,,,8,DEN,Denver,West,Northwest,Denver Nuggets,Nuggets
40,65,2634,1982,18:26,2.923,5.831,0.0,0.046,1.538,2.692,1.277,1.877,4.523,1.031,0.754,0.308,0.954,2.354,7.385,0.501,0.0,0.571,Mitchell,Anderson,,,,,29,UTA,Utah,West,Northwest,Utah Jazz,Jazz
41,78,2617,1982,16:23,2.231,5.538,0.09,0.167,0.615,0.885,0.859,1.397,3.487,1.538,0.615,0.295,1.077,2.179,5.167,0.403,0.538,0.696,Richard,Anderson,,,,,25,POR,Portland,West,Northwest,Portland Trail Blazers,Trail Blazers
42,66,2259,1982,27:26,3.561,8.379,0.076,0.364,3.333,4.485,0.318,0.742,1.379,6.197,0.455,0.061,1.909,1.667,10.53,0.425,0.208,0.743,Nate,Archibald,,,,,26,SAC,Sacramento,West,Pacific,Sacramento Kings,Kings
43,42,2415,1982,16:30,2.738,5.786,0.0,0.19,0.786,0.976,0.071,0.786,1.381,2.69,0.524,0.071,1.69,2.238,6.262,0.473,0.0,0.805,Mike,Evans,,,,,8,DEN,Denver,West,Northwest,Denver Nuggets,Nuggets
44,67,669,1982,14:20,2.343,5.418,0.0,0.164,0.94,1.224,0.209,0.731,1.373,2.373,0.582,0.075,1.284,1.075,5.627,0.433,0.0,0.768,John,Bagley,,,,,6,CLE,Cleveland,East,Central,Cleveland Cavaliers,Cavaliers
45,75,2432,1982,23:32,5.133,10.32,0.0,0.013,3.013,4.293,1.347,2.507,6.32,0.893,0.52,0.787,2.0,3.6,13.28,0.497,0.0,0.702,James,Bailey,,,,,21,OKC,Oklahoma City,West,Northwest,Oklahoma City Thunder,Thunder
46,78,2271,1982,36:25,7.744,16.346,0.167,0.372,2.333,2.987,0.756,2.833,6.513,3.359,1.474,0.269,1.423,2.256,17.987,0.474,0.448,0.781,Greg,Ballard,,,,,30,WAS,Washington,East,Southeast,Washington Wizards,Wizards
47,81,2579,1982,33:36,6.235,11.346,0.0,0.062,2.42,3.432,1.938,3.012,7.556,3.444,0.963,0.259,1.481,2.827,14.889,0.55,0.0,0.705,Gene,Banks,,,,,27,SAS,San Antonio,West,Southwest,San Antonio Spurs,Spurs
48,19,2488,1982,16:00,2.895,7.632,0.105,0.211,0.579,1.158,0.368,0.105,1.0,0.737,0.421,0.158,0.211,1.0,6.474,0.379,0.5,0.5,Billyray,Bates,,,,,25,POR,Portland,West,Northwest,Portland Trail Blazers,Trail Blazers
49,54,2636,1982,10:20,1.574,3.537,0.0,0.037,0.148,0.315,0.389,0.704,2.204,0.537,0.222,0.111,0.333,1.037,3.296,0.445,0.0,0.471,Dave,Batton,,,,,30,WAS,Washington,East,Southeast,Washington Wizards,Wizards
50,81,2239,1982,25:22,4.247,9.481,0.099,0.407,1.432,2.037,0.753,1.642,3.42,2.259,0.901,0.333,1.852,3.185,10.025,0.448,0.242,0.703,Joe,Bryant,,,,,23,PHI,Philadelphia,East,Atlantic,Philadelphia 76ers,76ers
51,21,2390,1982,28:31,4.048,8.667,0.0,0.048,1.81,2.381,1.429,3.286,7.381,2.333,0.524,0.762,1.19,2.905,9.905,0.467,0.0,0.76,Kent,Benson,,,,,9,DET,Detroit,East,Central,Detroit Pistons,Pistons
52,79,2851,1982,37:44,9.456,18.747,0.278,0.975,4.443,5.291,1.987,6.468,11.013,5.797,1.671,0.81,2.633,2.494,23.633,0.504,0.286,0.84,Larry,Bird,,,,,2,BOS,Boston,East,Atlantic,Boston Celtics,Celtics
53,62,2381,1982,30:24,6.871,13.452,0.032,0.097,1.323,2.339,0.387,1.016,2.403,3.774,1.016,0.258,1.403,2.5,15.097,0.511,0.333,0.566,Otis,Birdsong,,,,,3,BKN,Brooklyn,East,Atlantic,Brooklyn Nets,Nets
54,75,560,1982,31:19,6.84,13.893,0.04,0.2,3.96,5.08,0.92,1.32,3.907,2.467,0.467,0.347,1.56,1.547,17.68,0.492,0.2,0.78,Rolando,Blackman,,,,,7,DAL,Dallas,West,Southwest,Dallas Mavericks,Mavericks
55,9,2652,1982,2:53,0.778,1.444,0.0,0.0,0.556,0.667,0.222,0.444,0.667,0.0,0.0,0.111,0.222,0.444,2.111,0.538,0.0,0.833,John,Greig,,,,,21,OKC,Oklahoma City,West,Northwest,Oklahoma City Thunder,Thunder
56,41,2272,1982,18:26,2.78,7.171,0.366,0.805,1.317,1.683,0.171,0.439,1.195,1.195,0.366,0.171,0.415,1.488,7.244,0.388,0.455,0.783,Kevin,Grevey,,,,,30,WAS,Washington,East,Southeast,Washington Wizards,Wizards
57,53,2417,1982,18:02,1.132,2.189,0.0,0.0,1.0,1.434,1.189,1.943,4.075,1.66,0.604,0.491,0.943,2.887,3.264,0.517,0.0,0.697,Paul,Griffin,,,,,27,SAS,San Antonio,West,Southwest,San Antonio Spurs,Spurs
58,77,515,1982,36:16,9.766,20.182,0.494,1.688,2.169,3.195,0.805,1.649,3.948,3.506,1.545,0.416,2.519,2.377,22.195,0.484,0.292,0.679,Darrell,Griffith,,,,,29,UTA,Utah,West,Northwest,Utah Jazz,Jazz
59,27,2464,1982,13:28,1.296,3.037,0.037,0.074,0.444,0.704,0.889,0.741,2.444,1.259,0.481,0.222,0.593,2.593,3.074,0.427,0.5,0.632,Bob,Gross,,,,,25,POR,Portland,West,Northwest,Portland Trail Blazers,Trail Blazers
60,77,2378,1982,18:21,2.169,4.896,0.0,0.039,1.052,1.273,0.338,0.961,2.117,1.766,0.338,0.078,0.636,2.208,5.39,0.443,0.0,0.827,Ernie,Grunfeld,,,,,20,NYK,New York,East,Atlantic,New York Knicks,Knicks
61,77,2258,1982,11:28,1.753,4.091,0.039,0.247,0.779,1.052,0.429,0.805,1.779,0.922,0.519,0.104,0.779,1.805,4.325,0.429,0.158,0.741,M.L.,Carr,,,,,2,BOS,Boston,East,Atlantic,Boston Celtics,Celtics
62,82,2534,1982,18:35,2.28,5.329,0.012,0.085,1.524,1.951,0.659,1.512,2.878,3.268,0.78,0.146,1.683,2.683,6.098,0.428,0.143,0.781,Bill,Hanzlik,,,,,8,DEN,Denver,West,Northwest,Denver Nuggets,Nuggets
63,81,3035,1982,30:30,5.617,11.235,0.0,0.025,2.84,3.951,1.765,3.333,8.765,1.84,0.407,1.296,1.938,2.988,14.074,0.5,0.0,0.719,Dave,Corzine,,,,,5,CHI,Chicago,East,Central,Chicago Bulls,Bulls
64,6,2450,1982,23:10,3.167,7.333,0.167,1.5,0.0,0.0,0.5,1.333,1.833,3.5,0.333,0.0,1.5,2.333,6.5,0.432,0.111,0.0,Joey,Hassett,,,,,21,OKC,Oklahoma City,West,Northwest,Oklahoma City Thunder,Thunder
65,31,626,1982,4:30,0.419,1.226,0.0,0.129,0.355,0.645,0.194,0.419,1.323,0.097,0.194,0.032,0.129,1.097,1.194,0.342,0.0,0.55,Scott,Hastings,,,,,1,ATL,Atlanta,East,Southeast,Atlanta Hawks,Hawks
66,77,2292,1982,18:23,2.117,5.065,0.065,0.26,0.896,1.221,0.87,2.805,4.688,1.234,0.39,0.169,1.169,2.455,5.195,0.418,0.25,0.734,Steve,Hawes,,,,,1,ATL,Atlanta,East,Southeast,Atlanta Hawks,Hawks
67,81,2270,1982,28:26,5.235,10.988,0.025,0.049,2.42,3.543,1.531,3.519,7.605,1.951,0.556,0.938,2.0,2.864,12.914,0.476,0.5,0.683,Elvin,Hayes,,,,,30,WAS,Washington,East,Southeast,Washington Wizards,Wizards
68,64,2607,1982,16:26,1.609,3.359,0.0,0.0,0.453,0.797,1.047,1.563,3.656,0.563,0.172,0.625,0.516,3.344,3.672,0.479,0.0,0.569,Steve,Hayes,,,,,6,CLE,Cleveland,East,Central,Cleveland Cavaliers,Cavaliers
69,38,2251,1982,20:23,3.289,8.211,0.0,0.0,1.658,2.289,1.289,1.5,4.816,0.789,0.263,0.5,1.237,2.474,8.237,0.401,0.0,0.724,Spencer,Haywood,,,,,21,OKC,Oklahoma City,West,Northwest,Oklahoma City Thunder,Thunder
70,82,3078,1982,18:54,3.488,7.537,0.037,0.183,1.171,1.622,0.549,0.561,1.512,2.378,0.902,0.037,1.28,2.317,8.183,0.463,0.2,0.722,Gerald,Henderson,,,,,2,BOS,Boston,East,Atlantic,Boston Celtics,Celtics
71,51,2268,1982,15:28,2.098,5.157,0.0,0.02,0.882,1.118,0.333,0.647,1.353,2.706,0.667,0.039,0.725,1.137,5.078,0.407,0.0,0.789,Tom,Henderson,,,,,11,HOU,Houston,West,Southwest,Houston Rockets,Rockets
72,81,500,1982,19:04,1.802,4.358,0.0,0.012,0.728,1.111,0.716,3.037,5.704,1.383,0.309,3.284,1.272,3.185,4.333,0.414,0.0,0.656,Mark,Eaton,,,,,29,UTA,Utah,West,Northwest,Utah Jazz,Jazz
73,82,2363,1982,14:05,1.22,2.646,0.012,0.061,0.768,1.659,0.268,0.89,1.829,1.866,1.037,0.415,1.293,2.5,3.22,0.461,0.2,0.463,Johnny,High,,,,,24,PHX,Phoenix,West,Pacific,Phoenix Suns,Suns
74,14,2285,1982,12:04,1.0,1.857,0.0,0.0,1.286,1.571,0.214,0.643,1.429,1.929,0.643,0.0,0.929,1.429,3.286,0.538,0.0,0.818,Armond,Hill,,,,,1,ATL,Atlanta,East,Southeast,Atlanta Hawks,Hawks
75,54,2627,1982,6:50,0.704,1.741,0.0,0.0,0.093,0.296,0.796,1.093,1.926,0.204,0.13,0.315,0.444,1.759,1.5,0.404,0.0,0.313,Chris,Engler,,,,,10,GSW,Golden State,West,Pacific,Golden State Warriors,Warriors
76,75,615,1982,16:27,2.947,6.947,0.133,0.307,1.96,2.347,0.667,0.907,1.8,1.827,0.64,0.2,1.253,1.773,7.987,0.424,0.435,0.835,Sleepy,Floyd,,,,,11,HOU,Houston,West,Southwest,Houston Rockets,Rockets
77,76,2927,1982,26:33,4.184,9.263,0.263,0.947,1.237,1.711,0.434,0.513,1.605,3.618,0.829,0.039,1.724,2.539,9.868,0.452,0.278,0.723,Craig,Hodges,,,,,17,MIL,Milwaukee,East,Central,Milwaukee Bucks,Bucks
78,56,2311,1982,33:01,5.589,12.804,0.054,0.304,2.304,3.196,0.375,1.143,2.286,6.661,1.5,0.196,3.125,2.696,13.536,0.437,0.176,0.721,Lionel,Hollins,,,,,25,POR,Portland,West,Northwest,Portland Trail Blazers,Trail Blazers
79,81,2329,1982,23:57,3.531,7.272,0.0,0.025,2.519,3.654,2.062,2.333,5.753,1.086,0.951,0.111,1.481,3.333,9.58,0.486,0.0,0.689,Phil,Hubbard,,,,,6,CLE,Cleveland,East,Central,Cleveland Cavaliers,Cavaliers
80,80,2295,1982,33:57,5.013,10.4,0.05,0.138,2.1,3.063,0.325,1.05,1.988,6.088,0.7,0.05,1.975,2.688,12.175,0.482,0.364,0.686,Geoff,Huston,,,,,6,CLE,Cleveland,East,Central,Cleveland Cavaliers,Cavaliers
81,8,2654,1982,3:30,0.5,1.25,0.0,0.0,0.75,1.25,0.375,0.75,1.25,0.0,0.0,0.375,0.0,0.5,1.75,0.4,0.0,0.6,Michael,Davis,,,,,20,NYK,New York,East,Atlantic,New York Knicks,Knicks
82,73,2474,1982,13:14,1.301,3.288,0.0,0.0,0.712,1.123,0.685,1.342,3.205,0.493,0.438,0.493,0.712,1.658,3.315,0.396,0.0,0.634,Len,Elmore,,,,,3,BKN,Brooklyn,East,Atlantic,Brooklyn Nets,Nets
83,80,2633,1982,20:07,2.038,4.413,0.0,0.025,0.975,1.413,0.85,1.763,4.113,1.038,0.238,0.55,1.225,2.975,5.05,0.462,0.0,0.69,Marc,Iavaroni,,,,,29,UTA,Utah,West,Northwest,Utah Jazz,Jazz
84,49,2612,1982,9:56,1.143,2.878,0.0,0.041,0.918,1.204,0.469,0.388,1.408,0.633,0.245,0.061,0.408,1.286,3.204,0.397,0.0,0.763,Clay,Johnson,,,,,14,LAL,Los Angeles,West,Pacific,Los Angeles Lakers,Lakers
85,83,2334,1982,23:02,3.602,7.0,0.0,0.012,1.337,2.169,1.301,2.458,6.313,1.675,0.53,0.928,1.024,2.663,8.542,0.515,0.0,0.617,Clemon,Johnson,,,,,12,IND,Indiana,East,Central,Indiana Pacers,Pacers
86,77,2429,1982,33:07,5.169,11.182,0.065,0.377,3.792,4.792,0.805,2.078,4.351,5.039,1.26,0.506,2.649,2.649,14.195,0.462,0.172,0.791,Dennis,Johnson,,,,,2,BOS,Boston,East,Atlantic,Boston Celtics,Celtics
87,61,2288,1982,29:43,6.377,13.902,0.23,0.656,3.049,3.885,0.311,0.984,2.033,5.164,0.787,0.098,1.984,2.262,16.033,0.459,0.35,0.785,Eddie,Johnson,,,,,1,ATL,Atlanta,East,Southeast,Atlanta Hawks,Hawks
88,68,768,1982,34:10,4.721,11.559,0.206,0.824,2.882,3.838,0.309,1.265,2.618,8.074,1.382,0.044,3.118,2.485,12.529,0.408,0.25,0.751,Frank,Johnson,,,,,30,WAS,Washington,East,Southeast,Washington Wizards,Wizards
89,82,2455,1982,27:59,4.988,10.463,0.085,0.476,1.537,2.098,1.512,2.915,6.646,2.683,0.866,0.695,2.22,3.402,11.598,0.477,0.179,0.733,George,Johnson,,,,,12,IND,Indiana,East,Central,Indiana Pacers,Pacers
90,37,2342,1982,12:27,0.676,1.541,0.0,0.0,0.378,0.514,0.703,1.216,3.162,0.459,0.243,1.432,0.432,1.838,1.73,0.439,0.0,0.737,George,Johnson,,,,,10,GSW,Golden State,West,Pacific,Golden State Warriors,Warriors
91,79,2994,1982,36:47,6.468,11.81,0.0,0.266,3.848,4.81,1.911,4.342,8.646,10.494,1.848,0.443,2.937,2.532,16.785,0.548,0.0,0.8,Magic,Johnson,,,,,14,LAL,Los Angeles,West,Pacific,Los Angeles Lakers,Lakers
92,80,2392,1982,35:39,9.038,17.75,0.05,0.25,3.3,4.488,1.55,2.763,7.025,4.538,1.25,0.7,2.438,2.638,21.425,0.509,0.2,0.735,Marques,Johnson,,,,,17,MIL,Milwaukee,East,Central,Milwaukee Bucks,Bucks
93,77,2337,1982,26:23,5.039,11.844,0.039,0.429,3.987,4.87,1.779,3.312,6.351,3.273,0.896,0.494,2.584,3.714,14.104,0.425,0.091,0.819,Mickey,Johnson,,,,,5,CHI,Chicago,East,Central,Chicago Bulls,Bulls
94,79,2500,1982,19:32,3.127,6.443,0.013,0.025,1.203,1.646,1.0,1.747,3.696,0.911,0.291,0.532,0.987,2.949,7.468,0.485,0.5,0.731,Reggie,Johnson,,,,,27,SAS,San Antonio,West,Southwest,San Antonio Spurs,Spurs
95,79,507,1982,19:30,4.709,7.557,0.0,0.0,2.354,4.101,1.215,2.266,5.013,1.19,0.519,0.987,1.873,4.076,11.772,0.623,0.0,0.574,Steve,Johnson,,,,,26,SAC,Sacramento,West,Pacific,Sacramento Kings,Kings
96,81,610,1982,30:40,6.37,12.395,0.136,0.432,3.012,3.877,1.272,1.383,4.284,3.667,0.753,0.519,1.333,3.198,15.889,0.514,0.314,0.777,Vinnie,Johnson,,,,,9,DET,Detroit,East,Central,Detroit Pistons,Pistons
97,23,2645,1982,8:18,0.478,1.304,0.0,0.0,0.391,0.87,0.435,1.13,2.0,0.478,0.13,0.174,0.478,1.435,1.348,0.367,0.0,0.45,Jim,Johnstone,,,,,9,DET,Detroit,East,Central,Detroit Pistons,Pistons
98,74,2277,1982,23:38,3.378,6.216,0.0,0.014,2.23,2.811,0.973,2.027,4.649,1.919,0.838,1.23,0.919,2.689,8.986,0.543,0.0,0.793,Bobby,Jones,,,,,23,PHI,Philadelphia,East,Atlantic,Philadelphia 76ers,76ers
99,82,2278,1982,29:43,3.744,8.256,0.0,0.012,1.976,2.512,1.634,3.39,8.146,1.72,0.488,1.512,1.671,3.427,9.463,0.453,0.0,0.786,Caldwell,Jones,,,,,23,PHI,Philadelphia,East,Atlantic,Philadelphia 76ers,76ers
100,76,2551,1982,21:30,3.079,6.237,0.026,0.092,2.632,3.737,1.053,2.539,5.895,1.145,0.408,1.184,1.25,3.474,8.816,0.494,0.286,0.704,Edgar,Jones,,,,,27,SAS,San Antonio,West,Southwest,San Antonio Spurs,Spurs
101,60,2263,1982,14:38,2.367,5.183,0.0,0.017,0.933,1.7,1.317,1.733,4.383,0.65,0.3,0.3,1.15,1.733,5.667,0.457,0.0,0.549,Major,Jones,,,,,11,HOU,Houston,West,Southwest,Houston Rockets,Rockets
102,9,2647,1982,9:26,1.889,4.111,0.0,0.0,0.667,0.667,0.778,0.444,1.889,0.444,0.222,0.0,0.667,1.556,4.444,0.459,0.0,1.0,Willie,Jones,,,,,13,LAC,LA,West,Pacific,LA Clippers,Clippers
103,70,2346,1982,19:12,1.857,4.186,0.0,0.0,2.029,2.514,1.243,2.457,5.771,1.971,0.614,0.557,1.443,3.157,5.743,0.444,0.0,0.807,Rich,Kelley,,,,,29,UTA,Utah,West,Northwest,Utah Jazz,Jazz
104,81,2628,1982,34:06,8.395,17.531,0.049,0.222,3.222,4.346,2.617,3.975,10.617,2.753,1.519,0.481,1.951,3.679,20.062,0.479,0.222,0.741,Clark,Kellogg,,,,,12,IND,Indiana,East,Central,Indiana Pacers,Pacers
105,80,2325,1982,18:50,3.088,5.625,0.0,0.025,2.163,3.213,1.975,3.05,5.025,1.213,0.588,0.388,1.863,3.038,8.338,0.549,0.0,0.673,Greg,Kelser,,,,,21,OKC,Oklahoma City,West,Northwest,Oklahoma City Thunder,Thunder
106,48,2413,1982,16:02,2.479,5.354,0.0,0.021,0.875,1.188,1.063,1.271,3.063,0.813,0.375,0.146,0.813,1.333,5.833,0.463,0.0,0.737,Larry,Kenon,,,,,27,SAS,San Antonio,West,Southwest,San Antonio Spurs,Spurs
107,78,656,1982,31:01,7.397,15.628,0.077,0.231,2.231,2.885,1.077,2.231,5.769,3.679,0.833,0.526,2.231,3.5,17.103,0.473,0.333,0.773,Albert,King,,,,,3,BKN,Brooklyn,East,Atlantic,Brooklyn Nets,Nets
108,68,639,1982,32:23,8.868,16.794,0.0,0.059,4.118,5.706,0.838,2.059,4.794,2.868,0.956,0.176,1.971,3.441,21.853,0.528,0.0,0.722,Bernard,King,,,,,30,WAS,Washington,East,Southeast,Washington Wizards,Wizards
109,58,2383,1982,17:09,1.793,3.879,0.0,0.0,1.259,1.655,1.0,1.759,4.172,1.0,0.483,0.172,0.845,1.621,4.845,0.462,0.0,0.76,Reggie,King,,,,,26,SAC,Sacramento,West,Pacific,Sacramento Kings,Kings
110,80,2333,1982,28:16,6.4,12.3,0.038,0.213,4.288,5.1,1.163,1.15,4.05,2.4,0.638,0.1,1.85,1.788,17.125,0.52,0.176,0.841,Billy,Knight,,,,,12,IND,Indiana,East,Central,Indiana Pacers,Pacers
111,54,2362,1982,8:28,0.815,1.926,0.0,0.019,0.259,0.296,0.37,0.389,1.63,0.685,0.278,0.111,0.407,1.167,1.889,0.423,0.0,0.875,Joel,Kramer,,,,,24,PHX,Phoenix,West,Pacific,Phoenix Suns,Suns
112,82,2872,1982,35:46,8.244,16.707,0.244,0.744,3.012,3.866,1.585,2.622,6.134,2.634,0.841,0.256,1.695,3.159,19.744,0.493,0.328,0.779,Eddie,Johnson,,,,,26,SAC,Sacramento,West,Pacific,Sacramento Kings,Kings
113,59,2384,1982,20:26,1.831,4.39,0.034,0.136,0.492,0.627,0.847,2.136,3.814,2.0,0.441,0.407,1.407,3.458,4.186,0.417,0.25,0.784,Sam,Lacey,,,,,26,SAC,Sacramento,West,Pacific,Sacramento Kings,Kings
114,81,533,1982,35:02,5.346,10.728,0.025,0.148,2.988,3.765,2.309,5.951,12.148,3.21,0.395,1.235,1.556,3.926,13.704,0.498,0.167,0.793,Bill,Laimbeer,,,,,9,DET,Detroit,East,Central,Detroit Pistons,Pistons
115,35,2341,1982,9:29,1.143,3.771,0.086,0.429,0.314,0.486,0.114,0.371,0.743,2.286,0.657,0.029,1.114,1.486,2.686,0.303,0.2,0.647,Eddie,Jordan,,,,,3,BKN,Brooklyn,East,Atlantic,Brooklyn Nets,Nets
116,59,2592,1982,11:41,1.814,4.271,0.017,0.102,0.712,0.881,0.424,0.864,1.288,0.983,0.339,0.051,0.644,1.136,4.356,0.425,0.167,0.808,Jeff,Lamp,,,,,25,POR,Portland,West,Northwest,Portland Trail Blazers,Trail Blazers
117,39,2423,1982,9:07,1.103,2.615,0.0,0.0,0.308,0.641,1.231,0.974,3.282,0.308,0.128,0.077,0.359,1.231,2.513,0.422,0.0,0.48,Mark,Landsberger,,,,,14,LAL,Los Angeles,West,Pacific,Los Angeles Lakers,Lakers
118,39,2323,1982,25:04,4.179,8.513,0.0,0.026,2.333,3.41,0.974,2.487,5.128,2.692,0.872,0.641,2.128,3.205,10.692,0.491,0.0,0.684,Bob,Lanier,,,,,9,DET,Detroit,East,Central,Detroit Pistons,Pistons
119,79,2456,1982,32:56,5.557,13.405,0.532,2.038,3.127,3.759,0.494,1.177,2.468,6.709,1.873,0.152,2.089,2.722,14.772,0.415,0.261,0.832,Allen,Leavell,,,,,11,HOU,Houston,West,Southwest,Houston Rockets,Rockets
120,81,602,1982,24:56,3.16,7.333,0.062,0.185,1.432,1.963,1.049,1.728,2.778,5.259,1.889,0.185,1.691,2.21,7.815,0.431,0.333,0.73,Lafayette,Lever,,,,,8,DEN,Denver,West,Northwest,Denver Nuggets,Nuggets
121,61,2926,1982,14:00,2.082,4.328,0.0,0.016,1.344,2.377,1.033,1.443,3.721,0.803,0.262,0.361,0.902,2.0,5.508,0.481,0.0,0.566,Cliff,Levingston,,,,,1,ATL,Atlanta,East,Southeast,Atlanta Hawks,Hawks
122,78,2944,1982,35:40,5.949,12.077,0.026,0.154,2.372,2.974,0.385,1.333,2.859,8.936,2.359,0.038,2.077,1.974,14.295,0.493,0.167,0.797,Rickey,Green,,,,,29,UTA,Utah,West,Northwest,Utah Jazz,Jazz
123,7,2641,1982,7:34,0.571,0.857,0.0,0.0,0.0,0.571,0.143,0.429,1.714,0.571,0.0,0.0,0.429,2.286,1.143,0.667,0.0,0.0,Steve,Lingenfelter,,,,,30,WAS,Washington,East,Southeast,Washington Wizards,Wizards
124,80,590,1982,23:33,3.4,6.425,0.0,0.0,1.625,3.025,1.275,2.988,7.1,1.388,0.625,2.2,2.313,4.075,8.425,0.529,0.0,0.537,Alton,Lister,,,,,17,MIL,Milwaukee,East,Central,Milwaukee Bucks,Bucks
125,73,2600,1982,18:29,4.014,7.753,0.014,0.055,1.37,1.904,1.041,2.493,3.562,1.781,0.836,0.425,1.616,1.493,9.411,0.518,0.25,0.719,Lewis,Lloyd,,,,,11,HOU,Houston,West,Southwest,Houston Rockets,Rockets
126,15,2546,1982,13:44,1.267,3.333,0.0,0.067,0.733,1.133,0.733,0.733,3.067,1.4,0.333,0.333,0.4,1.6,3.267,0.38,0.0,0.647,Scott,Lloyd,,,,,7,DAL,Dallas,West,Southwest,Dallas Mavericks,Mavericks
127,66,2578,1982,12:23,2.091,4.545,0.076,0.106,0.803,1.212,0.409,0.848,1.894,1.076,0.439,0.121,0.636,1.485,5.061,0.46,0.714,0.663,Kevin,Loder,,,,,26,SAC,Sacramento,West,Pacific,Sacramento Kings,Kings
128,69,3069,1982,21:08,4.42,9.841,0.029,0.101,1.551,2.058,0.478,0.971,2.565,1.507,0.449,0.13,1.464,1.855,10.42,0.449,0.286,0.754,John,Long,,,,,9,DET,Detroit,East,Central,Detroit Pistons,Pistons
129,17,2653,1982,11:49,1.353,3.0,0.0,0.059,1.235,1.471,0.588,1.059,3.647,0.529,0.353,0.118,0.353,1.235,3.941,0.451,0.0,0.84,Joe,Kopicki,,,,,30,WAS,Washington,East,Southeast,Washington Wizards,Wizards
130,35,2369,1982,11:01,1.771,3.743,0.0,0.114,0.6,1.2,0.114,0.343,0.829,2.914,0.514,0.0,0.743,0.514,4.143,0.473,0.0,0.5,John,Lucas,,,,,11,HOU,Houston,West,Southwest,Houston Rockets,Rockets
131,77,2458,1982,33:35,6.429,13.571,0.013,0.039,3.61,4.623,1.87,5.156,10.377,2.844,0.727,0.558,2.87,3.558,16.481,0.474,0.333,0.781,Maurice,Lucas,,,,,25,POR,Portland,West,Northwest,Portland Trail Blazers,Trail Blazers
132,73,2589,1982,16:02,2.329,4.932,0.0,0.055,1.384,1.795,0.767,0.863,2.603,0.973,0.397,0.151,0.795,2.589,6.041,0.472,0.0,0.771,Rudy,Macklin,,,,,1,ATL,Atlanta,East,Southeast,Atlanta Hawks,Hawks
133,82,2501,1982,22:23,3.988,7.732,0.28,0.902,1.573,1.805,0.378,1.049,2.012,3.39,0.805,0.098,1.098,1.585,9.829,0.516,0.311,0.872,Kyle,Macy,,,,,24,PHX,Phoenix,West,Pacific,Phoenix Suns,Suns
134,14,2624,1982,4:00,0.286,1.143,0.0,0.071,0.286,0.571,0.071,0.286,0.714,0.143,0.071,0.0,0.143,0.357,0.857,0.25,0.0,0.5,Dave,Magley,,,,,6,CLE,Cleveland,East,Central,Cleveland Cavaliers,Cavaliers
135,82,2943,1982,36:51,4.585,9.366,0.0,0.012,1.78,3.085,1.195,4.256,9.5,1.402,0.805,1.39,1.622,4.085,10.951,0.49,0.0,0.577,Rick,Mahorn,,,,,30,WAS,Washington,East,Southeast,Washington Wizards,Wizards
136,80,2400,1982,30:23,8.263,16.2,0.05,0.213,5.0,5.988,1.288,4.088,7.45,2.788,0.8,0.475,2.125,2.838,21.575,0.51,0.235,0.835,Dan,Issel,,,,,8,DEN,Denver,West,Northwest,Denver Nuggets,Nuggets
137,79,2252,1982,28:30,4.19,8.392,0.0,0.013,3.544,4.367,1.759,2.025,5.342,2.354,0.658,0.43,1.671,2.557,11.924,0.499,0.0,0.812,Cedric,Maxwell,,,,,2,BOS,Boston,East,Atlantic,Boston Celtics,Celtics
138,8,2426,1982,18:15,2.625,6.0,0.0,0.0,2.125,2.625,0.625,1.125,3.25,1.5,0.375,0.0,1.125,3.0,7.375,0.438,0.0,0.81,Scott,May,,,,,5,CHI,Chicago,East,Central,Chicago Bulls,Bulls
139,47,2324,1982,21:40,6.213,11.957,0.0,0.021,2.532,3.468,1.0,2.553,5.255,0.83,0.702,0.596,0.957,3.255,14.957,0.52,0.0,0.73,Bob,McAdoo,,,,,13,LAC,LA,West,Pacific,LA Clippers,Clippers
140,81,562,1982,26:51,3.815,8.469,0.148,0.457,2.58,3.259,1.037,1.605,4.469,2.123,0.605,0.753,1.074,3.037,10.358,0.45,0.324,0.792,Rod,Higgins,,,,,10,GSW,Golden State,West,Pacific,Golden State Warriors,Warriors
141,80,2262,1982,14:25,1.813,4.0,0.0,0.013,0.988,1.538,0.588,1.575,3.838,0.775,0.313,0.225,0.75,2.1,4.613,0.453,0.0,0.642,Dwight,Jones,,,,,5,CHI,Chicago,East,Central,Chicago Bulls,Bulls
142,34,2257,1982,9:05,1.147,2.588,0.059,0.235,0.735,0.882,0.529,0.735,1.265,0.5,0.441,0.059,0.5,1.147,3.088,0.443,0.25,0.833,Jeff,Judkins,,,,,2,BOS,Boston,East,Atlantic,Boston Celtics,Celtics
143,56,2585,1982,9:01,1.036,2.25,0.0,0.036,0.839,1.089,0.946,1.143,2.125,0.429,0.143,0.196,0.714,1.5,2.911,0.46,0.0,0.77,Hank,McDowell,,,,,13,LAC,LA,West,Pacific,LA Clippers,Clippers
144,39,2595,1982,9:46,1.769,4.179,0.026,0.154,0.436,0.59,0.59,0.308,1.359,0.667,0.282,0.103,0.538,1.282,4.0,0.423,0.167,0.739,Mike,McGee,,,,,14,LAL,Los Angeles,West,Pacific,Los Angeles Lakers,Lakers
145,82,2854,1982,28:35,5.89,10.89,0.0,0.012,2.354,3.28,1.963,2.915,6.744,1.268,0.439,2.0,1.476,2.939,14.134,0.541,0.0,0.717,Kevin,McHale,,,,,2,BOS,Boston,East,Atlantic,Boston Celtics,Celtics
146,68,2377,1982,22:55,3.912,8.029,0.0,0.103,2.0,2.456,0.265,1.059,1.779,4.235,0.485,0.074,1.5,2.088,9.824,0.487,0.0,0.814,Billy,McKinney,,,,,8,DEN,Denver,West,Northwest,Denver Nuggets,Nuggets
147,61,2294,1982,22:21,3.246,6.951,0.0,0.016,1.77,2.18,0.508,1.443,3.557,1.246,0.213,0.393,0.934,2.328,8.262,0.467,0.0,0.812,Tom,McMillen,,,,,1,ATL,Atlanta,East,Southeast,Atlanta Hawks,Hawks
148,36,3007,1982,5:03,0.806,1.778,0.0,0.0,0.556,1.25,0.722,0.722,2.111,0.194,0.028,0.083,0.667,1.139,2.167,0.453,0.0,0.444,Mark,McNamara,,,,,23,PHI,Philadelphia,East,Atlantic,Philadelphia 76ers,76ers
149,78,2298,1982,21:52,3.308,5.808,0.0,0.0,1.308,2.09,1.333,2.321,5.436,0.808,0.615,1.103,1.192,3.654,7.923,0.57,0.0,0.626,Joe,Meriweather,,,,,26,SAC,Sacramento,West,Pacific,Sacramento Kings,Kings
150,80,2354,1982,35:02,8.575,16.775,0.0,0.038,2.738,3.613,1.375,2.913,6.713,1.238,0.713,0.65,1.163,3.1,19.888,0.511,0.0,0.758,Mike,Mitchell,,,,,27,SAS,San Antonio,West,Southwest,San Antonio Spurs,Spurs
151,77,2575,1982,16:49,2.519,5.403,0.026,0.169,1.195,1.636,0.688,0.61,2.286,1.338,0.545,0.13,0.584,1.701,6.26,0.466,0.154,0.73,Tracy,Jackson,,,,,5,CHI,Chicago,East,Central,Chicago Bulls,Bulls
152,64,2517,1982,18:32,2.656,6.625,0.219,0.688,1.344,1.75,0.172,0.484,1.422,3.891,0.547,0.109,1.25,2.016,6.875,0.401,0.318,0.768,Wes,Matthews,,,,,1,ATL,Atlanta,East,Southeast,Atlanta Hawks,Hawks
153,76,624,1982,35:39,7.974,15.211,0.013,0.132,6.566,7.947,1.724,2.118,5.75,3.974,1.421,0.316,2.579,2.368,22.526,0.524,0.1,0.826,Sidney,Moncrief,,,,,17,MIL,Milwaukee,East,Central,Milwaukee Bucks,Bucks
154,77,2499,1982,33:08,5.117,10.922,0.065,0.286,1.922,2.584,0.675,1.792,3.597,9.779,2.519,0.403,2.182,3.221,12.221,0.468,0.227,0.744,Johnny,Moore,,,,,27,SAS,San Antonio,West,Southwest,San Antonio Spurs,Spurs
155,37,2527,1982,17:21,2.189,5.135,0.162,0.568,1.135,1.514,0.297,0.811,1.486,1.973,0.486,0.027,1.054,1.919,5.676,0.426,0.286,0.75,Lowes,Moore,,,,,3,BKN,Brooklyn,East,Atlantic,Brooklyn Nets,Nets
156,64,2261,1982,22:15,5.266,11.781,0.063,0.156,2.156,2.344,0.328,0.375,1.156,2.469,0.828,0.063,1.188,2.547,12.75,0.447,0.4,0.92,Calvin,Murphy,,,,,11,HOU,Houston,West,Southwest,Houston Rockets,Rockets
157,82,510,1982,35:32,7.171,13.037,0.012,0.037,2.354,3.5,2.049,3.78,8.659,2.402,1.207,2.646,2.317,3.098,16.707,0.55,0.333,0.672,Larry,Nance,,,,,24,PHX,Phoenix,West,Pacific,Phoenix Suns,Suns
158,7,2242,1982,7:17,0.857,2.857,0.0,0.0,0.571,0.571,0.286,1.429,1.857,0.143,0.143,0.0,0.429,0.143,2.286,0.3,0.0,1.0,Swen,Nater,,,,,13,LAC,LA,West,Pacific,LA Clippers,Clippers
159,80,2340,1982,35:59,8.05,14.838,0.038,0.25,4.238,5.35,2.675,4.813,7.488,2.138,0.788,0.363,2.538,2.3,20.375,0.543,0.15,0.792,Calvin,Natt,,,,,25,POR,Portland,West,Northwest,Portland Trail Blazers,Trail Blazers
160,22,2537,1982,9:32,1.727,3.318,0.0,0.091,0.409,0.636,0.136,0.591,1.0,1.273,0.227,0.0,0.727,1.636,3.864,0.521,0.0,0.643,Kenny,Natt,,,,,29,UTA,Utah,West,Northwest,Utah Jazz,Jazz
161,82,613,1982,20:02,1.793,3.012,0.0,0.0,0.854,1.39,1.317,2.695,5.927,0.756,0.817,0.159,0.488,3.012,4.439,0.595,0.0,0.614,Ed,Nealy,,,,,26,SAC,Sacramento,West,Pacific,Sacramento Kings,Kings
162,6,703,1982,10:40,1.833,2.5,0.0,0.0,0.167,0.667,0.0,0.5,2.833,0.0,0.167,1.833,0.667,2.333,3.833,0.733,0.0,0.25,Chuck,Nevitt,,,,,9,DET,Detroit,East,Central,Detroit Pistons,Pistons
163,9,2496,1982,16:26,2.889,6.556,0.0,0.111,1.222,1.889,0.889,1.444,2.889,1.222,0.444,0.0,1.111,1.889,7.0,0.441,0.0,0.647,Carl,Nicks,,,,,29,UTA,Utah,West,Northwest,Utah Jazz,Jazz
164,81,2599,1982,18:42,2.148,4.383,0.012,0.012,0.951,1.728,1.16,1.975,4.988,1.42,0.284,1.284,0.815,3.543,5.259,0.49,1.0,0.55,Kurt,Nimphius,,,,,7,DAL,Dallas,West,Southwest,Dallas Mavericks,Mavericks
165,79,2249,1982,34:21,6.747,14.215,0.0,0.152,1.582,2.127,0.532,1.228,2.595,7.165,0.987,0.051,2.241,2.228,15.076,0.475,0.0,0.744,Norm,Nixon,,,,,14,LAL,Los Angeles,West,Pacific,Los Angeles Lakers,Lakers
166,30,2622,1982,10:22,0.867,2.1,0.0,0.0,0.467,1.0,0.833,1.467,2.3,0.8,0.433,0.067,1.1,2.033,2.2,0.413,0.0,0.467,Audie,Norris,,,,,25,POR,Portland,West,Northwest,Portland Trail Blazers,Trail Blazers
167,46,2508,1982,17:27,2.957,5.63,0.043,0.174,0.739,1.043,0.5,0.826,2.478,1.783,0.565,0.217,0.957,1.457,6.696,0.525,0.25,0.708,Mike,O'Koren,,,,,3,BKN,Brooklyn,East,Atlantic,Brooklyn Nets,Nets
168,16,3066,1982,10:41,1.938,3.625,0.0,0.0,0.75,1.375,0.875,1.375,2.938,0.313,0.313,0.75,0.5,1.875,4.625,0.534,0.0,0.545,Jawann,Oldham,,,,,5,CHI,Chicago,East,Central,Chicago Bulls,Bulls
169,82,2510,1982,20:27,3.341,7.232,0.0,0.012,1.707,2.134,0.695,1.073,2.78,1.146,0.61,0.22,0.732,1.634,8.39,0.462,0.0,0.8,Louis,Orr,,,,,20,NYK,New York,East,Atlantic,New York Knicks,Knicks
170,48,2313,1982,14:47,1.667,3.896,0.0,0.0,0.938,1.375,0.729,1.625,3.833,0.917,0.167,0.229,0.688,2.396,4.271,0.428,0.0,0.682,Tom,Owens,,,,,25,POR,Portland,West,Northwest,Portland Trail Blazers,Trail Blazers
171,78,2859,1982,31:22,7.936,14.423,0.0,0.013,3.474,4.974,2.526,5.462,10.603,1.808,0.821,1.59,1.821,2.846,19.346,0.55,0.0,0.698,Robert,Parish,,,,,2,BOS,Boston,East,Atlantic,Boston Celtics,Celtics
172,81,2307,1982,33:49,8.42,16.333,0.049,0.309,4.79,5.901,0.84,1.309,2.148,2.852,1.728,0.21,1.926,1.975,21.679,0.515,0.16,0.812,Jim,Paxson,,,,,25,POR,Portland,West,Northwest,Portland Trail Blazers,Trail Blazers
173,6,2476,1982,4:50,1.0,2.667,0.0,0.0,0.0,0.0,0.167,0.833,1.333,0.167,0.0,0.0,0.333,0.5,2.0,0.375,0.0,0.0,Sam,Pellom,,,,,1,ATL,Atlanta,East,Southeast,Atlanta Hawks,Hawks
174,64,2542,1982,22:18,3.156,6.969,0.0,0.063,1.922,2.641,0.359,1.109,2.688,5.172,0.531,0.094,1.641,1.844,8.234,0.453,0.0,0.728,Ronnie,Lester,,,,,5,CHI,Chicago,East,Central,Chicago Bulls,Bulls
175,72,3063,1982,15:26,1.653,3.583,0.0,0.014,0.694,0.944,0.694,1.514,3.569,0.667,0.25,0.597,0.847,3.069,4.0,0.461,0.0,0.735,Paul,Mokeski,,,,,17,MIL,Milwaukee,East,Central,Milwaukee Bucks,Bucks
176,62,2275,1982,9:39,1.935,4.306,0.048,0.226,0.694,0.903,0.387,0.5,1.355,0.968,0.484,0.145,0.516,1.484,4.613,0.449,0.214,0.768,Roger,Phegley,,,,,27,SAS,San Antonio,West,Southwest,San Antonio Spurs,Spurs
177,47,2616,1982,8:35,1.128,2.787,0.0,0.043,0.809,1.213,0.362,0.66,1.617,0.617,0.213,0.17,0.617,1.255,3.064,0.405,0.0,0.667,Eddie,Phillips,,,,,3,BKN,Brooklyn,East,Atlantic,Brooklyn Nets,Nets
178,79,2414,1982,22:50,3.165,6.582,0.025,0.139,2.43,3.114,0.785,1.949,4.532,1.658,0.418,0.114,1.342,3.089,8.785,0.481,0.182,0.78,Mark,Olberding,,,,,27,SAS,San Antonio,West,Southwest,San Antonio Spurs,Spurs
179,39,535,1982,6:47,0.846,2.256,0.026,0.205,0.462,0.821,0.359,0.359,0.897,0.359,0.103,0.077,0.308,1.077,2.179,0.375,0.125,0.563,Ricky,Pierce,,,,,17,MIL,Milwaukee,East,Central,Milwaukee Bucks,Bucks
180,28,2651,1982,6:04,0.679,1.393,0.0,0.0,0.893,1.321,0.321,0.393,1.107,0.25,0.071,0.214,0.786,1.464,2.25,0.487,0.0,0.676,Charlie,Pittman,,,,,24,PHX,Phoenix,West,Pacific,Phoenix Suns,Suns
181,75,2315,1982,31:04,4.387,9.293,0.013,0.067,2.213,2.947,1.12,2.987,6.947,2.24,0.68,1.493,1.08,3.48,11.0,0.472,0.2,0.751,Ben,Poquette,,,,,29,UTA,Utah,West,Northwest,Utah Jazz,Jazz
182,11,2273,1982,19:05,1.909,3.636,0.0,0.0,0.455,0.545,0.091,0.091,0.455,4.182,0.545,0.0,1.091,2.727,4.273,0.525,0.0,0.833,Kevin,Porter,,,,,30,WAS,Washington,East,Southeast,Washington Wizards,Wizards
183,78,593,1982,37:28,8.385,16.731,0.0,0.0,7.692,10.103,4.436,7.179,15.346,1.295,0.782,2.013,2.321,2.641,24.462,0.501,0.0,0.761,Moses,Malone,,,,,11,HOU,Houston,West,Southwest,Houston Rockets,Rockets
184,54,2604,1982,8:07,1.556,3.185,0.074,0.296,0.556,1.352,0.222,0.648,0.87,1.926,0.463,0.074,1.37,1.444,3.741,0.488,0.25,0.411,Mark,Radford,,,,,21,OKC,Oklahoma City,West,Northwest,Oklahoma City Thunder,Thunder
185,78,631,1982,23:09,3.013,5.295,0.0,0.026,1.462,2.128,1.551,3.244,6.808,1.154,1.0,0.679,1.346,2.987,7.487,0.569,0.0,0.687,Kurt,Rambis,,,,,14,LAL,Los Angeles,West,Pacific,Los Angeles Lakers,Lakers
186,76,2533,1982,21:08,4.513,9.816,0.026,0.211,2.0,2.618,0.276,0.868,1.934,3.684,0.776,0.039,1.671,1.447,11.053,0.46,0.125,0.764,Kelvin,Ransey,,,,,3,BKN,Brooklyn,East,Atlantic,Brooklyn Nets,Nets
187,45,2541,1982,9:36,1.556,3.4,0.0,0.022,0.733,1.133,0.711,1.533,2.8,0.867,0.489,0.333,1.222,1.844,3.844,0.458,0.0,0.647,Jamesearl,Ray,,,,,8,DEN,Denver,West,Northwest,Denver Nuggets,Nuggets
188,77,2457,1982,22:48,3.364,7.26,0.0,0.078,0.922,1.442,0.909,1.286,3.208,2.182,0.623,0.234,0.844,2.13,7.649,0.463,0.0,0.64,Clint,Richardson,,,,,23,PHI,Philadelphia,East,Atlantic,Philadelphia 76ers,76ers
189,64,2300,1982,32:26,5.406,12.734,0.125,0.75,1.656,2.547,1.438,2.422,4.609,6.75,2.594,0.375,3.297,3.75,12.594,0.425,0.167,0.65,Micheal,Ray Richardson,,,,,20,NYK,New York,East,Atlantic,New York Knicks,Knicks
190,58,2284,1982,13:56,2.362,4.879,0.017,0.069,1.293,1.517,0.31,1.052,2.362,1.207,0.586,0.052,0.741,1.224,6.034,0.484,0.25,0.852,Steve,Mix,,,,,23,PHI,Philadelphia,East,Atlantic,Philadelphia 76ers,76ers
191,8,2642,1982,5:45,0.875,3.0,0.0,0.0,0.125,0.5,0.375,1.375,2.125,0.875,0.25,0.0,0.125,0.875,1.875,0.292,0.0,0.25,Guy,Morgan,,,,,12,IND,Indiana,East,Central,Indiana Pacers,Pacers
192,59,2260,1982,14:29,1.695,3.627,0.0,0.0,0.763,1.322,1.068,1.797,3.712,1.085,0.136,0.085,1.034,2.22,4.153,0.467,0.0,0.577,Rick,Robey,,,,,2,BOS,Boston,East,Atlantic,Boston Celtics,Celtics
193,76,722,1982,33:39,7.632,15.934,0.0,0.066,2.75,3.908,1.75,6.513,11.079,1.868,0.645,0.684,2.316,3.539,18.013,0.479,0.0,0.704,Cliff,T. Robinson,,,,,6,CLE,Cleveland,East,Central,Cleveland Cavaliers,Cavaliers
194,35,2646,1982,4:12,1.0,2.771,0.029,0.286,0.857,1.286,0.086,0.143,0.486,0.6,0.114,0.057,0.229,0.514,2.886,0.361,0.1,0.667,Oliver,Robinson,,,,,27,SAS,San Antonio,West,Southwest,San Antonio Spurs,Spurs
195,81,2366,1982,29:52,4.025,8.716,0.0,0.0,1.457,2.481,1.309,3.148,8.111,1.79,0.568,0.198,1.691,2.938,9.506,0.462,0.0,0.587,Truck,Robinson,,,,,24,PHX,Phoenix,West,Pacific,Phoenix Suns,Suns
196,61,2350,1982,11:38,1.574,4.115,0.0,0.016,1.508,1.934,0.344,1.377,2.475,0.869,0.148,0.148,0.738,1.0,4.656,0.382,0.0,0.78,Dave,Robisch,,,,,8,DEN,Denver,West,Northwest,Denver Nuggets,Nuggets
197,64,2408,1982,12:48,1.578,3.547,0.0,0.0,0.422,0.922,0.719,1.438,3.125,0.953,0.219,0.219,0.563,1.703,3.578,0.445,0.0,0.458,Billy,Paultz,,,,,27,SAS,San Antonio,West,Southwest,San Antonio Spurs,Spurs
198,68,2638,1982,11:08,0.985,2.706,0.029,0.191,0.691,0.853,0.132,0.382,1.074,1.926,0.176,0.015,0.971,1.044,2.691,0.364,0.154,0.81,Walker,Russell,,,,,9,DET,Detroit,East,Central,Detroit Pistons,Pistons
199,26,2888,1982,15:06,2.923,6.038,0.0,0.077,1.192,1.654,0.846,1.577,3.615,0.731,0.615,0.269,0.692,2.192,7.038,0.484,0.0,0.721,Mike,Sanders,,,,,24,PHX,Phoenix,West,Pacific,Phoenix Suns,Suns
200,82,499,1982,27:52,4.171,9.134,0.0,0.012,2.78,3.598,1.537,3.39,7.744,2.5,0.537,1.134,2.488,3.963,11.122,0.457,0.0,0.773,Dan,Schayes,,,,,8,DEN,Denver,West,Northwest,Denver Nuggets,Nuggets
201,77,2635,1982,15:52,2.688,5.649,0.013,0.052,0.792,1.078,0.74,1.182,3.312,0.766,0.195,0.286,0.714,2.455,6.182,0.476,0.25,0.735,Russ,Schoene,,,,,21,OKC,Oklahoma City,West,Northwest,Oklahoma City Thunder,Thunder
202,81,2358,1982,14:03,1.531,3.198,0.0,0.025,1.0,1.358,0.519,1.272,2.765,1.198,0.568,0.383,0.79,1.642,4.062,0.479,0.0,0.736,Alvin,Scott,,,,,24,PHX,Phoenix,West,Pacific,Phoenix Suns,Suns
203,34,2588,1982,8:35,0.971,2.441,0.0,0.029,0.853,1.265,0.618,0.5,1.294,0.647,0.294,0.029,0.588,1.029,2.794,0.398,0.0,0.674,Ed,Rains,,,,,27,SAS,San Antonio,West,Southwest,San Antonio Spurs,Spurs
204,82,2434,1982,31:21,5.329,11.159,0.012,0.073,1.72,2.28,1.927,4.11,6.037,2.866,0.866,0.854,2.098,3.78,12.39,0.478,0.167,0.754,Lonnie,Shelton,,,,,21,OKC,Oklahoma City,West,Northwest,Oklahoma City Thunder,Thunder
205,64,2615,1982,25:31,2.672,6.578,0.016,0.141,0.813,1.25,0.344,0.844,2.328,4.844,1.094,0.188,1.156,1.75,6.172,0.406,0.111,0.65,Edmund,Sherod,,,,,20,NYK,New York,East,Atlantic,New York Knicks,Knicks
206,67,2371,1982,35:46,8.791,18.045,0.06,0.224,3.806,4.597,2.149,3.104,5.284,3.403,1.403,0.209,2.896,3.612,21.448,0.487,0.267,0.828,Purvis,Short,,,,,10,GSW,Golden State,West,Pacific,Golden State Warriors,Warriors
207,75,611,1982,34:11,6.453,13.907,0.0,0.107,5.333,6.373,2.827,8.6,11.427,3.107,1.093,0.813,2.533,3.507,18.24,0.464,0.0,0.837,Jack,Sikma,,,,,21,OKC,Oklahoma City,West,Northwest,Oklahoma City Thunder,Thunder
208,63,2643,1982,8:10,1.413,3.778,0.143,0.635,0.603,0.937,0.444,0.286,1.079,0.825,0.365,0.079,0.524,1.476,3.571,0.374,0.225,0.644,Jose,Slaughter,,,,,12,IND,Indiana,East,Central,Indiana Pacers,Pacers
209,27,3086,1982,5:42,0.778,1.889,0.0,0.074,0.63,0.926,0.37,1.037,1.407,0.074,0.0,0.148,0.407,1.481,2.185,0.412,0.0,0.68,Derek,Smith,,,,,13,LAC,LA,West,Pacific,LA Clippers,Clippers
210,4,2590,1982,4:30,0.75,1.0,0.0,0.0,0.5,1.0,0.0,1.25,1.25,0.0,0.0,0.0,0.0,1.0,2.0,0.75,0.0,0.5,Jim,Smith,,,,,13,LAC,LA,West,Pacific,LA Clippers,Clippers
211,79,2479,1982,15:40,2.215,5.063,0.038,0.101,1.278,1.684,0.342,1.304,1.646,2.671,0.519,0.101,1.291,1.43,5.747,0.438,0.375,0.759,Phil,Smith,,,,,10,GSW,Golden State,West,Pacific,Golden State Warriors,Warriors
212,41,2425,1982,35:05,5.707,13.024,0.561,1.244,3.756,4.512,0.537,1.146,2.488,5.341,1.293,0.268,3.122,3.878,15.732,0.438,0.451,0.832,Ricky,Sobers,,,,,5,CHI,Chicago,East,Central,Chicago Bulls,Bulls
213,48,2445,1982,15:02,1.896,4.104,0.042,0.208,1.833,2.354,0.25,0.625,1.75,1.625,0.438,0.063,1.146,1.229,5.667,0.462,0.2,0.779,Jim,Spanarkel,,,,,7,DAL,Dallas,West,Southwest,Dallas Mavericks,Mavericks
214,81,2921,1982,29:51,4.84,9.951,0.062,0.222,1.815,2.457,0.457,1.198,2.84,4.901,1.037,0.025,1.901,3.173,11.556,0.486,0.278,0.739,Rory,Sparrow,,,,,20,NYK,New York,East,Atlantic,New York Knicks,Knicks
215,9,2610,1982,4:20,0.889,2.222,0.0,0.0,0.556,0.778,0.111,0.556,1.0,0.333,0.111,0.222,0.333,0.333,2.333,0.4,0.0,0.714,Larry,Spriggs,,,,,14,LAL,Los Angeles,West,Pacific,Los Angeles Lakers,Lakers
216,78,2509,1982,31:13,4.051,8.474,0.038,0.244,1.179,1.372,0.205,0.962,1.987,5.551,1.205,0.038,1.269,2.397,9.321,0.478,0.158,0.86,Jerry,Sichting,,,,,12,IND,Indiana,East,Central,Indiana Pacers,Pacers
217,44,2626,1982,17:35,1.455,3.636,0.0,0.023,0.682,1.045,0.409,0.636,1.773,2.5,0.886,0.341,1.091,1.864,3.591,0.4,0.0,0.652,Jeff,Taylor,,,,,11,HOU,Houston,West,Southwest,Houston Rockets,Rockets
218,31,2632,1982,10:21,1.194,3.29,0.0,0.0,0.677,1.032,0.258,0.29,1.129,1.323,0.419,0.032,0.71,1.742,3.065,0.363,0.0,0.656,Vince,Taylor,,,,,20,NYK,New York,East,Atlantic,New York Knicks,Knicks
219,73,2997,1982,23:23,4.548,10.63,0.137,0.356,1.192,1.699,0.616,1.068,2.658,2.055,0.644,0.219,1.616,2.329,10.425,0.428,0.385,0.702,Terry,Teagle,,,,,10,GSW,Golden State,West,Pacific,Golden State Warriors,Warriors
220,55,2540,1982,9:22,0.709,1.927,0.0,0.036,0.182,0.273,0.364,0.727,1.8,0.836,0.291,0.109,0.218,1.436,1.6,0.368,0.0,0.667,Carlos,Terry,,,,,30,WAS,Washington,East,Southeast,Washington Wizards,Wizards
221,81,2902,1982,34:54,9.148,19.099,0.259,1.123,5.321,6.642,0.63,1.333,3.679,5.914,1.42,0.16,3.259,3.432,23.877,0.479,0.231,0.801,Reggie,Theus,,,,,5,CHI,Chicago,East,Central,Chicago Bulls,Bulls
222,49,2618,1982,10:37,1.51,3.469,0.02,0.143,0.918,1.592,0.408,0.612,1.469,0.735,0.388,0.082,0.98,1.898,3.959,0.435,0.143,0.577,David,Thirdkill,,,,,2,BOS,Boston,East,Atlantic,Boston Celtics,Celtics
223,80,567,1982,38:06,8.925,18.975,0.438,1.438,4.538,6.4,0.925,1.863,4.0,7.85,1.95,0.325,3.038,3.938,22.825,0.47,0.304,0.709,Isiah,Thomas,,,,,9,DET,Detroit,East,Central,Detroit Pistons,Pistons
224,44,2648,1982,11:49,0.977,3.114,0.0,0.0,0.818,1.045,0.659,1.227,2.727,0.773,0.25,0.136,0.727,2.091,2.773,0.314,0.0,0.783,Corny,Thompson,,,,,7,DAL,Dallas,West,Southwest,Dallas Mavericks,Mavericks
225,75,2401,1982,28:44,5.933,12.333,0.027,0.133,3.973,5.067,1.28,2.32,3.6,2.96,0.6,0.4,2.173,1.893,15.867,0.481,0.2,0.784,David,Thompson,,,,,8,DEN,Denver,West,Northwest,Denver Nuggets,Nuggets
226,80,2975,1982,30:54,3.263,6.4,0.0,0.013,1.225,1.688,1.538,3.85,9.288,0.925,0.463,4.275,0.863,3.675,7.75,0.51,0.0,0.726,Tree,Rollins,,,,,1,ATL,Atlanta,East,Southeast,Atlanta Hawks,Hawks
227,71,2886,1982,13:52,2.07,4.042,0.0,0.0,1.254,1.93,1.282,2.099,5.211,0.465,0.563,0.859,0.944,2.62,5.394,0.512,0.0,0.65,LaSalle,Thompson,,,,,26,SAC,Sacramento,West,Pacific,Sacramento Kings,Kings
228,80,2995,1982,37:42,6.313,12.913,0.0,0.013,3.113,5.013,2.288,7.125,9.413,4.75,0.85,1.375,3.513,2.663,15.738,0.489,0.0,0.621,Mychal,Thompson,,,,,25,POR,Portland,West,Northwest,Portland Trail Blazers,Trail Blazers
229,52,2625,1982,10:06,1.462,3.481,0.0,0.019,0.308,0.538,0.538,1.327,2.5,0.346,0.135,0.577,0.346,1.404,3.231,0.42,0.0,0.571,Darren,Tillis,,,,,10,GSW,Golden State,West,Pacific,Golden State Warriors,Warriors
230,73,2573,1982,15:09,2.151,4.301,0.0,0.041,0.712,1.411,0.877,1.959,3.315,0.685,0.329,0.589,1.082,2.096,5.014,0.5,0.0,0.505,Ray,Tolbert,,,,,21,OKC,Oklahoma City,West,Northwest,Oklahoma City Thunder,Thunder
231,81,2545,1982,30:31,7.728,15.432,0.272,0.938,4.0,5.074,0.346,1.531,2.778,4.506,0.63,0.21,2.16,3.148,19.728,0.501,0.289,0.788,Andrew,Toney,,,,,23,PHI,Philadelphia,East,Atlantic,Philadelphia 76ers,76ers
232,55,2644,1982,9:22,1.909,4.255,0.164,0.455,0.509,0.691,0.545,0.636,1.182,0.564,0.345,0.091,0.6,1.473,4.491,0.449,0.36,0.737,Linton,Townes,,,,,25,POR,Portland,West,Northwest,Portland Trail Blazers,Trail Blazers
233,49,572,1982,29:14,3.673,6.245,0.0,0.0,1.082,2.02,4.204,5.51,9.898,0.939,0.735,0.408,1.694,3.796,8.429,0.588,0.0,0.535,Larry,Smith,,,,,10,GSW,Golden State,West,Pacific,Golden State Warriors,Warriors
234,58,2951,1982,38:44,9.741,19.931,0.241,0.707,6.759,8.0,1.483,1.483,4.552,4.086,0.931,0.31,2.121,2.707,26.483,0.489,0.341,0.845,Kelly,Tripucka,,,,,9,DET,Detroit,East,Central,Detroit Pistons,Pistons
235,78,2978,1982,23:28,3.833,8.295,0.179,0.282,0.551,0.821,0.487,0.897,2.769,2.5,0.513,0.051,0.615,3.0,8.397,0.462,0.636,0.672,Trent,Tucker,,,,,20,NYK,New York,East,Atlantic,New York Knicks,Knicks
236,59,2582,1982,14:53,1.627,4.034,0.034,0.051,0.339,0.508,0.746,0.881,2.576,1.492,0.729,0.0,0.983,1.271,3.627,0.403,0.667,0.667,Elston,Turner,,,,,8,DEN,Denver,West,Northwest,Denver Nuggets,Nuggets
237,81,2332,1982,30:54,5.136,10.728,0.025,0.16,1.753,2.37,1.296,2.654,6.568,1.877,0.951,1.556,1.099,2.716,12.049,0.479,0.154,0.74,Terry,Tyler,,,,,9,DET,Detroit,East,Central,Detroit Pistons,Pistons
238,82,2504,1982,25:58,3.244,6.976,0.122,0.402,0.951,1.28,0.28,1.39,1.683,5.549,1.195,0.061,1.72,1.732,7.561,0.465,0.303,0.743,Lorenzo,Romar,,,,,10,GSW,Golden State,West,Pacific,Golden State Warriors,Warriors
239,47,3046,1982,27:37,4.447,9.787,0.0,0.021,3.596,4.532,0.723,1.766,2.489,6.234,2.149,0.106,2.787,2.957,12.489,0.454,0.0,0.793,Darnell,Valentine,,,,,25,POR,Portland,West,Northwest,Portland Trail Blazers,Trail Blazers
240,13,2343,1982,4:50,0.385,1.077,0.0,0.0,0.385,0.462,0.077,0.692,1.0,0.385,0.154,0.154,0.231,0.692,1.154,0.357,0.0,0.833,Jan,Van Breda Kolff,,,,,3,BKN,Brooklyn,East,Atlantic,Brooklyn Nets,Nets
241,82,2961,1982,35:28,10.256,18.744,0.183,0.598,5.963,6.817,1.061,2.61,5.329,2.476,0.634,0.39,2.134,2.415,26.659,0.547,0.306,0.875,Kiki,Vandeweghe,,,,,8,DEN,Denver,West,Northwest,Denver Nuggets,Nuggets
242,48,2568,1982,10:58,1.813,3.563,0.0,0.021,0.438,0.646,0.917,1.083,2.0,0.667,0.375,0.188,0.833,1.979,4.063,0.509,0.0,0.677,Peter,Verhoeven,,,,,25,POR,Portland,West,Northwest,Portland Trail Blazers,Trail Blazers
243,81,2583,1982,33:39,7.679,15.704,0.0,0.025,3.321,4.235,1.679,2.704,7.309,2.617,0.827,0.531,2.321,3.642,18.679,0.489,0.0,0.784,Jay,Vincent,,,,,7,DAL,Dallas,West,Southwest,Dallas Mavericks,Mavericks
244,82,2587,1982,25:02,2.756,5.232,0.0,0.012,1.402,2.549,2.159,3.0,5.159,1.463,0.634,0.537,1.244,3.098,6.915,0.527,0.0,0.55,Danny,Vranes,,,,,21,OKC,Oklahoma City,West,Northwest,Oklahoma City Thunder,Thunder
245,78,2451,1982,17:29,1.449,3.179,0.026,0.154,1.449,1.859,0.269,0.667,1.705,3.295,0.615,0.038,0.897,1.679,4.372,0.456,0.167,0.779,Foots,Walker,,,,,6,CLE,Cleveland,East,Central,Cleveland Cavaliers,Cavaliers
246,82,2440,1982,27:25,4.415,9.829,0.012,0.049,0.878,1.415,1.037,1.915,4.549,2.463,0.427,0.232,1.451,2.476,9.72,0.449,0.25,0.621,Wally,Walker,,,,,21,OKC,Oklahoma City,West,Northwest,Oklahoma City Thunder,Thunder
247,33,2484,1982,33:21,6.061,11.485,0.0,0.0,1.97,3.545,0.939,3.515,9.788,3.636,0.788,3.273,1.879,3.424,14.091,0.528,0.0,0.556,Bill,Walton,,,,,25,POR,Portland,West,Northwest,Portland Trail Blazers,Trail Blazers
248,43,2629,1982,16:54,1.512,3.977,0.0,0.093,0.977,1.326,0.093,0.698,1.605,2.93,0.326,0.209,1.023,2.419,4.0,0.38,0.0,0.737,Bryan,Warrick,,,,,30,WAS,Washington,East,Southeast,Washington Wizards,Wizards
249,82,2489,1982,18:00,2.049,4.037,0.0,0.024,1.293,2.195,1.244,1.805,5.402,0.598,0.256,1.244,0.878,2.573,5.39,0.508,0.0,0.589,Marvin,Webster,,,,,20,NYK,New York,East,Atlantic,New York Knicks,Knicks
250,74,2385,1982,23:40,4.986,10.432,0.122,0.365,1.108,1.392,1.068,1.838,3.757,1.568,0.378,0.23,1.351,3.041,11.203,0.478,0.333,0.796,Scott,Wedman,,,,,26,SAC,Sacramento,West,Pacific,Sacramento Kings,Kings
251,80,2365,1982,24:48,3.975,8.663,0.175,0.413,1.85,2.3,0.163,0.7,1.438,5.488,0.813,0.138,1.75,2.238,9.975,0.459,0.424,0.804,Paul,Westphal,,,,,24,PHX,Phoenix,West,Pacific,Phoenix Suns,Suns
252,65,2619,1982,9:37,1.969,3.6,0.0,0.015,1.077,1.677,0.446,0.615,1.615,0.462,0.246,0.031,0.785,0.831,5.015,0.547,0.0,0.642,Rory,White,,,,,13,LAC,LA,West,Pacific,LA Clippers,Clippers
253,46,2238,1982,19:27,3.565,6.652,0.0,0.0,1.565,1.891,1.478,2.196,5.674,0.913,0.413,0.261,1.152,3.022,8.696,0.536,0.0,0.828,Jerome,Whitehead,,,,,10,GSW,Golden State,West,Pacific,Golden State Warriors,Warriors
254,12,2322,1982,5:40,0.583,2.0,0.0,0.167,0.75,0.833,0.083,0.25,0.5,0.583,0.417,0.0,0.333,1.083,1.917,0.292,0.0,0.9,Robert,Smith,,,,,8,DEN,Denver,West,Northwest,Denver Nuggets,Nuggets
255,80,2245,1982,31:53,8.55,16.125,0.0,0.075,2.538,3.35,1.325,1.688,4.288,2.275,0.738,0.175,1.388,2.763,19.638,0.53,0.0,0.757,Jamaal,Wilkes,,,,,14,LAL,Los Angeles,West,Pacific,Los Angeles Lakers,Lakers
256,9,2523,1982,14:20,1.222,3.778,0.0,0.111,1.333,1.667,0.778,0.778,2.111,1.111,0.0,0.111,0.444,2.444,3.778,0.324,0.0,0.8,James,Wilkes,,,,,5,CHI,Chicago,East,Central,Chicago Bulls,Bulls
257,82,530,1982,32:53,7.329,14.878,0.024,0.11,2.805,4.098,1.695,1.976,5.829,1.561,0.805,0.768,1.634,2.561,17.488,0.493,0.222,0.685,Dominique,Wilkins,,,,,1,ATL,Atlanta,East,Southeast,Atlanta Hawks,Hawks
258,81,2554,1982,28:30,4.802,10.074,0.0,0.037,1.926,2.469,1.284,3.444,7.358,1.63,0.395,0.481,1.728,3.086,11.531,0.477,0.0,0.78,Jeff,Wilkins,,,,,29,UTA,Utah,West,Northwest,Utah Jazz,Jazz
259,82,557,1982,36:06,6.537,11.122,0.0,0.049,3.951,6.378,2.902,5.195,12.524,1.524,0.72,1.171,2.159,3.293,17.024,0.588,0.0,0.62,Buck,Williams,,,,,3,BKN,Brooklyn,East,Atlantic,Brooklyn Nets,Nets
260,19,2237,1982,11:44,1.947,5.526,0.105,0.368,0.947,1.316,0.105,0.474,0.895,0.632,0.316,0.053,0.526,1.579,4.947,0.352,0.286,0.72,Freeman,Williams,,,,,13,LAC,LA,West,Pacific,LA Clippers,Clippers
261,80,2431,1982,34:30,8.25,17.288,0.025,0.475,3.475,4.625,0.9,1.663,2.563,7.975,2.213,0.338,2.875,1.475,20.0,0.477,0.053,0.751,Gus,Williams,,,,,21,OKC,Oklahoma City,West,Northwest,Oklahoma City Thunder,Thunder
262,78,505,1982,32:13,7.436,14.91,0.0,0.09,1.987,2.821,1.231,3.385,7.474,3.359,0.526,2.167,2.385,2.949,16.859,0.499,0.0,0.705,Herb,Williams,,,,,12,IND,Indiana,East,Central,Indiana Pacers,Pacers
263,72,2302,1982,30:08,5.819,14.833,0.208,0.944,3.556,4.625,0.806,1.972,4.528,7.875,1.708,0.333,3.458,3.458,15.403,0.392,0.221,0.769,Ray,Williams,,,,,20,NYK,New York,East,Atlantic,New York Knicks,Knicks
264,44,2637,1982,7:50,1.273,3.068,0.0,0.068,0.795,1.205,0.295,0.205,0.864,0.841,0.318,0.091,0.818,0.955,3.341,0.415,0.0,0.66,Rickey,Williams,,,,,29,UTA,Utah,West,Northwest,Utah Jazz,Jazz
265,74,2630,1982,19:27,2.581,6.324,0.027,0.189,1.77,2.351,0.351,0.973,1.838,4.878,1.081,0.162,2.514,2.986,6.959,0.408,0.143,0.753,Rob,Williams,,,,,8,DEN,Denver,West,Northwest,Denver Nuggets,Nuggets
266,75,2586,1982,20:26,3.36,6.387,0.0,0.013,1.64,2.28,2.013,3.16,5.24,0.6,0.947,1.187,1.347,3.253,8.36,0.526,0.0,0.719,Samuel,Williams,,,,,10,GSW,Golden State,West,Pacific,Golden State Warriors,Warriors
267,68,2303,1982,20:24,4.618,9.529,0.029,0.221,2.588,3.809,0.838,1.779,4.265,1.956,0.735,0.118,1.397,2.426,11.853,0.485,0.133,0.68,Sly,Williams,,,,,20,NYK,New York,East,Atlantic,New York Knicks,Knicks
268,62,2347,1982,18:29,2.371,5.226,0.097,0.21,0.694,0.887,0.774,1.677,3.242,1.032,0.387,0.29,0.726,2.242,5.532,0.454,0.462,0.782,Bill,Willoughby,,,,,11,HOU,Houston,West,Southwest,Houston Rockets,Rockets
269,77,2287,1982,36:30,7.286,15.494,0.065,0.234,4.377,5.844,2.182,4.792,11.429,2.922,0.558,1.494,2.39,3.104,19.013,0.47,0.278,0.749,Dan,Roundfield,,,,,1,ATL,Atlanta,East,Southeast,Atlanta Hawks,Hawks
270,57,2386,1982,23:52,4.474,10.298,0.386,1.193,1.281,1.491,0.351,0.807,1.93,2.737,0.825,0.088,1.421,2.316,10.614,0.434,0.324,0.859,Brian,Winters,,,,,17,MIL,Milwaukee,East,Central,Milwaukee Bucks,Bucks
271,76,2605,1982,23:58,4.513,9.737,0.197,0.618,1.632,2.118,0.868,1.211,3.105,1.763,0.618,0.447,1.092,2.474,10.855,0.464,0.319,0.77,Al,Wood,,,,,21,OKC,Oklahoma City,West,Northwest,Oklahoma City Thunder,Thunder
272,81,2874,1982,29:57,7.21,14.247,0.086,0.309,3.679,4.654,0.741,1.296,3.062,3.111,1.716,0.728,1.654,2.494,18.185,0.506,0.28,0.79,Mike,Woodson,,,,,26,SAC,Sacramento,West,Pacific,Sacramento Kings,Kings
273,56,2877,1982,28:35,6.357,10.946,0.0,0.054,3.714,5.911,1.018,1.661,5.214,1.643,0.411,0.661,1.982,3.179,16.429,0.581,0.0,0.628,Orlando,Woolridge,,,,,5,CHI,Chicago,East,Central,Chicago Bulls,Bulls
274,77,2992,1982,25:35,5.805,10.026,0.013,0.052,1.792,2.87,1.429,2.234,5.182,1.714,0.831,0.74,1.519,2.87,13.416,0.579,0.25,0.624,James,Worthy,,,,,14,LAL,Los Angeles,West,Pacific,Los Angeles Lakers,Lakers
275,78,2409,1982,36:16,9.705,19.91,0.154,0.423,6.628,7.769,0.962,2.179,4.577,3.333,1.103,0.846,2.256,3.115,26.192,0.487,0.364,0.853,George,Gervin,,,,,27,SAS,San Antonio,West,Southwest,San Antonio Spurs,Spurs
276,79,2942,1982,15:39,2.646,5.304,0.0,0.025,2.177,2.81,1.367,1.797,4.81,0.759,0.342,1.342,1.152,1.494,7.468,0.499,0.0,0.775,Mike,Gminski,,,,,3,BKN,Brooklyn,East,Atlantic,Brooklyn Nets,Nets
277,53,2336,1982,27:38,4.868,10.698,0.094,0.283,3.094,3.887,0.472,1.264,2.415,5.943,0.623,0.132,1.698,1.887,12.925,0.455,0.333,0.796,Johnny,Davis,,,,,12,IND,Indiana,East,Central,Indiana Pacers,Pacers
278,5,2328,1982,9:12,0.4,0.6,0.0,0.0,0.0,0.4,0.6,0.6,1.4,0.0,0.0,0.6,0.2,2.6,0.8,0.667,0.0,0.0,Leon,Douglas,,,,,9,DET,Detroit,East,Central,Detroit Pistons,Pistons
279,79,2264,1982,20:29,2.696,6.456,0.848,2.342,1.519,1.949,0.114,0.886,1.696,5.519,0.937,0.038,1.456,2.658,7.759,0.418,0.362,0.779,Mike,Dunleavy,,,,,11,HOU,Houston,West,Southwest,Houston Rockets,Rockets
280,82,589,1982,32:19,3.098,6.427,0.0,0.012,1.451,1.988,2.073,3.439,7.5,2.293,1.463,0.256,1.354,2.659,7.646,0.482,0.0,0.73,T.R.,Dunn,,,,,8,DEN,Denver,West,Northwest,Denver Nuggets,Nuggets
281,82,2620,1982,19:16,3.415,7.012,0.012,0.098,2.439,3.012,0.22,0.634,1.488,2.561,0.537,0.037,1.354,1.427,9.28,0.487,0.125,0.81,Jerry,Eaves,,,,,29,UTA,Utah,West,Northwest,Utah Jazz,Jazz
282,80,614,1982,26:14,4.0,9.038,0.0,0.063,1.688,2.463,2.675,4.963,7.638,1.45,0.338,1.7,2.025,3.975,9.688,0.443,0.0,0.685,Wayne,Cooper,,,,,8,DEN,Denver,West,Northwest,Denver Nuggets,Nuggets
283,7,2650,1982,11:08,1.857,5.286,0.0,0.143,0.429,0.857,0.286,0.286,1.429,0.857,0.0,0.143,1.0,2.286,4.143,0.351,0.0,0.5,John,Cox,,,,,30,WAS,Washington,East,Southeast,Washington Wizards,Wizards
284,70,2987,1982,36:12,9.771,18.7,0.0,0.014,4.171,5.9,2.829,4.286,10.657,2.529,1.414,0.871,2.129,4.2,23.714,0.523,0.0,0.707,Terry,Cummings,,,,,17,MIL,Milwaukee,East,Central,Milwaukee Bucks,Bucks
285,75,2971,1982,27:24,6.213,13.227,0.067,0.32,2.667,3.68,0.467,1.133,3.427,3.693,0.587,0.093,2.133,3.307,15.16,0.47,0.208,0.725,Quintin,Dailey,,,,,5,CHI,Chicago,East,Central,Chicago Bulls,Bulls
286,22,3085,1982,40:19,10.591,18.318,0.0,0.0,9.545,11.273,1.409,2.318,6.364,4.773,0.727,0.0,2.636,2.773,30.727,0.578,0.0,0.847,Adrian,Dantley,,,,,29,UTA,Utah,West,Northwest,Utah Jazz,Jazz
287,74,2388,1982,21:00,1.216,2.662,0.0,0.0,0.838,1.243,1.0,2.216,5.514,1.041,0.338,2.041,1.122,3.027,3.27,0.457,0.0,0.674,Harvey,Catchings,,,,,17,MIL,Milwaukee,East,Central,Milwaukee Bucks,Bucks
288,65,2522,1982,24:13,5.092,9.754,0.0,0.062,1.554,2.092,1.169,0.723,3.231,2.031,1.062,0.323,1.662,2.554,11.738,0.522,0.0,0.743,Don,Collins,,,,,30,WAS,Washington,East,Southeast,Washington Wizards,Wizards
289,79,2982,1982,19:20,2.696,5.886,0.013,0.114,1.329,2.215,0.608,1.456,3.557,2.633,1.253,0.557,2.051,2.203,6.734,0.458,0.111,0.6,Paul,Pressey,,,,,17,MIL,Milwaukee,East,Central,Milwaukee Bucks,Bucks
290,70,2389,1982,26:30,6.014,12.229,0.014,0.186,2.343,2.8,0.371,1.971,3.514,2.957,0.586,0.143,1.743,2.214,14.386,0.492,0.077,0.837,Junior,Bridgeman,,,,,17,MIL,Milwaukee,East,Central,Milwaukee Bucks,Bucks
291,37,2314,1982,10:01,1.189,2.676,0.162,0.351,0.27,0.378,0.405,0.514,1.595,1.892,0.162,0.0,0.811,1.243,2.811,0.444,0.462,0.714,Allan,Bristow,,,,,27,SAS,San Antonio,West,Southwest,San Antonio Spurs,Spurs
292,8,2421,1982,4:15,0.125,0.625,0.0,0.0,0.0,0.25,0.25,0.75,1.0,0.75,0.125,0.0,0.125,0.75,0.25,0.2,0.0,0.0,Coby,Dietrick,,,,,27,SAS,San Antonio,West,Southwest,San Antonio Spurs,Spurs
293,79,712,1982,36:13,7.342,13.304,0.013,0.038,4.747,6.886,2.19,4.633,11.025,2.962,0.734,0.747,3.177,3.949,19.443,0.552,0.333,0.689,Jeff,Ruland,,,,,30,WAS,Washington,East,Southeast,Washington Wizards,Wizards
294,62,2621,1982,9:46,1.355,2.839,0.016,0.097,1.226,1.613,0.29,0.613,1.177,1.097,0.419,0.048,0.613,1.484,3.952,0.477,0.167,0.76,Brook,Steppe,,,,,26,SAC,Sacramento,West,Pacific,Sacramento Kings,Kings
295,80,2355,1982,17:34,3.413,7.063,0.038,0.1,1.425,1.625,0.288,0.388,1.2,2.575,0.55,0.0,0.85,1.738,8.288,0.483,0.375,0.877,Randy,Smith,,,,,13,LAC,LA,West,Pacific,LA Clippers,Clippers
296,76,2398,1982,21:50,2.671,6.539,0.0,0.039,1.224,1.632,0.618,1.711,3.105,2.434,0.658,0.224,1.763,2.0,6.566,0.408,0.0,0.75,Bob,Wilkerson,,,,,8,DEN,Denver,West,Northwest,Denver Nuggets,Nuggets
297,73,2243,1982,36:08,8.89,19.493,0.205,0.521,5.89,7.986,1.027,1.178,2.74,3.973,1.041,0.178,2.411,3.26,23.877,0.456,0.395,0.738,World,Free,,,,,6,CLE,Cleveland,East,Central,Cleveland Cavaliers,Cavaliers
298,76,2475,1982,14:51,1.763,3.868,0.0,0.039,1.079,1.5,0.974,1.645,3.961,1.316,0.868,0.105,0.671,2.118,4.605,0.456,0.0,0.719,Glen,Gondrezick,,,,,8,DEN,Denver,West,Northwest,Denver Nuggets,Nuggets
299,82,588,1982,36:26,11.695,22.646,0.024,0.134,4.951,5.976,2.378,2.866,7.329,4.854,1.134,1.378,3.195,2.866,28.366,0.516,0.182,0.829,Alex,English,,,,,8,DEN,Denver,West,Northwest,Denver Nuggets,Nuggets
300,72,2283,1982,33:35,8.403,16.25,0.028,0.083,4.583,6.042,1.736,2.75,6.819,3.653,1.069,1.819,1.792,2.806,21.417,0.517,0.333,0.759,Julius,Erving,,,,,23,PHI,Philadelphia,East,Atlantic,Philadelphia 76ers,76ers
301,22,2608,1982,10:10,0.5,1.545,0.0,0.0,0.273,0.409,0.455,0.818,2.364,0.273,0.636,0.045,0.091,1.227,1.273,0.324,0.0,0.667,Kenny,Dennard,,,,,26,SAC,Sacramento,West,Pacific,Sacramento Kings,Kings
302,82,2520,1982,17:28,1.988,4.39,0.0,0.146,0.524,0.659,0.329,0.463,1.305,2.439,0.707,0.049,0.805,2.451,4.5,0.453,0.0,0.796,John,Duren,,,,,29,UTA,Utah,West,Northwest,Utah Jazz,Jazz
303,32,2640,1982,9:39,1.531,4.344,0.0,0.063,0.5,0.844,0.313,0.406,1.219,0.688,0.281,0.188,0.438,1.281,3.563,0.353,0.0,0.593,Keith,Edmonson,,,,,27,SAS,San Antonio,West,Southwest,San Antonio Spurs,Spurs
304,80,2279,1982,25:50,4.938,8.263,0.0,0.0,2.0,3.1,1.138,2.35,5.213,1.413,0.625,1.65,2.35,4.725,11.875,0.598,0.0,0.645,Darryl,Dawkins,,,,,23,PHI,Philadelphia,East,Atlantic,Philadelphia 76ers,76ers
305,79,2963,1982,31:15,5.114,9.43,0.013,0.063,2.291,3.038,0.481,1.152,2.646,6.873,1.772,0.392,1.468,2.304,12.532,0.542,0.2,0.754,Maurice,Cheeks,,,,,23,PHI,Philadelphia,East,Atlantic,Philadelphia 76ers,76ers
306,75,2900,1982,18:52,1.933,4.04,0.0,0.053,1.053,1.507,0.907,1.973,2.947,3.373,1.547,0.093,1.32,1.88,4.92,0.479,0.0,0.699,Lester,Conner,,,,,10,GSW,Golden State,West,Pacific,Golden State Warriors,Warriors
307,81,2507,1982,31:51,5.42,12.049,0.099,0.444,2.259,2.951,0.531,1.296,2.914,5.395,1.79,0.543,2.025,2.617,13.198,0.45,0.222,0.766,Darwin,Cook,,,,,3,BKN,Brooklyn,East,Atlantic,Brooklyn Nets,Nets
308,75,2361,1982,17:46,1.973,4.053,0.0,0.04,1.053,1.387,1.08,1.907,4.467,1.36,0.453,0.387,1.227,2.4,5.0,0.487,0.0,0.76,Jeff,Cook,,,,,24,PHX,Phoenix,West,Pacific,Phoenix Suns,Suns
309,82,2353,1982,28:25,4.415,8.744,0.024,0.073,3.11,4.463,2.22,4.963,7.183,1.415,0.756,0.512,2.256,3.732,11.963,0.505,0.333,0.697,Kenny,Carr,,,,,25,POR,Portland,West,Northwest,Portland Trail Blazers,Trail Blazers
310,79,517,1982,33:46,6.57,13.911,0.0,0.101,4.468,6.177,1.684,2.241,6.544,2.43,0.759,0.671,2.443,4.215,17.608,0.472,0.0,0.723,Tom,Chambers,,,,,21,OKC,Oklahoma City,West,Northwest,Oklahoma City Thunder,Thunder
311,72,2393,1982,21:54,3.444,7.792,0.0,0.056,1.028,1.625,0.639,1.292,2.597,3.819,1.153,0.056,1.764,2.708,7.917,0.442,0.0,0.632,Quinn,Buckner,,,,,17,MIL,Milwaukee,East,Central,Milwaukee Bucks,Bucks
312,51,2574,1982,10:25,1.353,3.451,0.0,0.059,0.902,1.765,0.451,0.804,1.529,0.549,0.549,0.471,0.765,1.647,3.608,0.392,0.0,0.511,Charles,Bradley,,,,,2,BOS,Boston,East,Atlantic,Boston Celtics,Celtics
313,57,2335,1982,11:29,1.386,2.702,0.018,0.088,0.632,0.789,0.333,0.684,1.754,1.754,0.649,0.14,0.667,1.509,3.421,0.513,0.2,0.8,Dudley,Bradley,,,,,12,IND,Indiana,East,Central,Indiana Pacers,Pacers
314,80,619,1982,31:08,8.313,16.113,0.088,0.288,2.3,2.813,0.613,1.15,2.463,4.963,1.463,0.15,2.325,2.363,19.013,0.516,0.304,0.818,Walter,Davis,,,,,24,PHX,Phoenix,West,Pacific,Phoenix Suns,Suns
315,7,2639,1982,4:17,0.143,0.714,0.0,0.0,0.0,0.0,0.286,0.429,1.143,0.143,0.143,0.429,0.571,1.286,0.286,0.2,0.0,0.0,Jim,Zoet,,,,,9,DET,Detroit,East,Central,Detroit Pistons,Pistons
